source_id	citation	publication_type	canonical_uri	verified_locator	verification_state	claim_scope	important_limit	independence_unit
SRC-LI-LEE-2021-DATIVE	Li, J. and Lee, P. C. 2021. Syntactic Distribution of the Semantic Classes of Dative Verbs in English and Cantonese.	peer-reviewed conference paper	https://aclanthology.org/2021.paclic-1.66/	pp. 628-629 examples 2-6; pp. 633-635	VERIFIED_FULL_TEXT	Lexical 畀 GIVE double-object order; dative verb classes; post-theme 畀 construction contrasts	Author judgments and theoretical analysis do not establish corpus frequency or a parser node	LI_LEE_2021
SRC-XU-PEYRAUBE-1997-DOC	Xu, D. and Peyraube, A. 1997. On the Double Object Construction and the Oblique Construction in Cantonese.	peer-reviewed journal article	https://doi.org/10.1075/sl.21.1.05lie	pp. 105-113	VERIFIED_FULL_TEXT	V-theme-recipient, V-recipient-theme, and V-theme-畀-recipient contrasts; lexical, role, weight, and category restrictions	1990s judgments and a contested preposition/deletion analysis do not license a universal order rule	XU_PEYRAUBE_1997
SRC-CHEUNG-2007-DATIVE	Cheung, L. Y. L. 2007. The Cantonese Dative Constructions: Implications for Processing.	conference presentation	https://www.eva.mpg.de/lingua/conference/07_DitransitiveConstructions/pdf/presentatons/Presentation_Cheung.pdf	slides 4, 11-12, 33-36	VERIFIED_SLIDES	Canonical lexical-GIVE order and elicited heavy-theme alternatives	Slides and elicited processing data do not establish conversational prevalence or a categorical threshold	CHEUNG_2007
SRC-WONG-2023-BEI	Wong, A. M. Y. 2023/2024. The bei Constructions in Cantonese: A Corpus-Driven Study.	published conference proceedings article	https://doi.org/10.17501.23572744.2023.10106	pp. 95-105; especially Tables 4 and 6 and pp. 102-104	VERIFIED_FULL_TEXT	Corpus-coded transfer orders, restructured forms, serial/beneficiary classes, and causative/passive classes	Two 1990s corpora and analyst-defined categories; sparse cells are not productive grammar rules	WONG_CORPUS_FAMILY
SRC-LAM-2008-DOC	Lam, O. S. C. 2008. Object Functions and the Syntax of Double Object Constructions in Lexical Functional Grammar.	doctoral dissertation	https://ora.ox.ac.uk/objects/uuid:f2fce4eb-2f01-4fad-8c65-b95dee2ec4d9	pp. 138-154; especially 147-149	VERIFIED_FULL_TEXT	Lexical-GIVE order and judged heavy-theme alternatives	Formal LFG analysis and author judgments; overlaps the later Lam research family	LAM_RESEARCH_FAMILY
SRC-NGAI-2023-BEI	Ngai, S. 2023. Haplology of Cantonese BEI: Evidence in Production.	university working paper	https://scholarworks.iu.edu/journals/index.php/iulcwp/article/download/34845/39969/100290	pp. 4-6, 11-18	VERIFIED_FULL_TEXT	Four dative construction forms and a production test of double-畀 conditioning	Small postselected sample; the distance effect was nonsignificant and long-distance cells were sparse	NGAI_2023
SRC-BODOMO-LAM-YU-2003	Bodomo, A., Lam, O. S. C., and Yu, K. M. 2003. Double Object and Serial Verb Constructions in Cantonese.	peer-reviewed conference paper	https://typo.uni-konstanz.de/lfg-proceedings/LFGprocCSLI/LFG2003/pdfs/lfg03bodomoetal.pdf	PDF pp. 2-9; proceedings pp. 59-67	VERIFIED_FULL_TEXT	Lexical-GIVE theme-recipient form and V-theme-畀-recipient serial/benefactive form	Small judgment inventory and a theory-specific LFG complex-predicate analysis	BODOMO_LAM_YU_2003
SRC-CHIN-2011-BEI	Chin, A. C. 2011. Grammaticalization of the Cantonese Double Object Verb [pei35] 畀 in Typological and Areal Perspectives.	peer-reviewed journal article	https://www.lib.eduhk.hk/pure-data/pub/201710799.pdf	PDF pp. 3-19; especially 5-14	VERIFIED_FULL_TEXT	Lexical GIVE, transfer versus beneficiary, causative/permissive versus passive ambiguity, and passive role mapping	Diachronic and cross-dialectal analysis with judgments; not an exhaustive current distribution	CHIN_2011
SRC-CHAN-2021-BEI	Chan, K. L. 2021. Bei2 as a Causative and Passive Marker in Cantonese.	university proceedings paper	https://icu.repo.nii.ac.jp/record/5045/files/Bei2asacausativeandpassivemarkerinCantonese.pdf	paper examples and six-consultant study	VERIFIED_PDF_BOUNDARY	Independent causative/passive ambiguity boundary	Only six consultants and no transfer-distribution focus	CHAN_2021
SRC-WONG-ETAL-2010-DATIVE	Wong, A. M. Y., Chow, D. C. W., McBride-Cheng, C., and Stokes, S. F. 2010. Optional Elements and Variant Structures in the Productions of bei2 'to Give' Dative Constructions in Cantonese-Speaking Adults and Three-Year-Old Children.	peer-reviewed journal brief report	https://doi.org/10.1017/S0305000909009416	official abstract	VERIFIED_OFFICIAL_ABSTRACT	Full/non-full, VRT/VTR, prepositional, and serial variants in parent-child conversation	No exact table or rate may be used until full text is recovered	WONG_ET_AL_2010
SRC-CHOW-2018-INDIRECT-PASSIVE	Chow, P. L. 2018. The Malefactive Topic Role in Cantonese Indirect Passives.	peer-reviewed conference paper	https://web.stanford.edu/group/cslipublications/cslipublications/LFG/LFG-2018/lfg2018-chow.pdf	PDF pp. 4-14; examples 5, 7-10, and 22-27	VERIFIED_FULL_TEXT	Canonical passive versus NP1-畀-NP2-V-NP3 indirect passive; retained patient/object; corpus count and pragmatic restriction	Only 4 indirect passives among 61 passive 畀 sentences; formal LFG role analysis is not parser truth	CHOW_2018
SRC-CHOW-2019-PASSIVE-PERMISSIVE	Chow, P. L. 2019. Passive and Permissive Constructions in Cantonese: An LFG Account.	doctoral dissertation	https://hub.hku.hk/handle/10722/280875	repository abstract	VERIFIED_OFFICIAL_ABSTRACT	Passive/permissive disambiguation, indirect-passive object in situ, and distinct analyses of passive and permissive 畀	Abstract-level use only until chapter/example locators are recovered; same author program as Chow 2018	CHOW_RESEARCH_FAMILY
SRC-CHOW-2026-MT-BEI	Chow, P. L. 2026. Increasing Translation Accuracy for Grammaticalized bei2 in Cantonese: A Corpus-Linguistic Approach to Machine Translation Disambiguation.	peer-reviewed journal article discovery	https://www.sciencedirect.com/science/article/pii/S2666799126000213	publisher abstract only	DISCOVERY_ABSTRACT_ONLY	Current machine-translation research on grammaticalized 畀 disambiguation	Do not use reported percentages or diagnostics until full text and exact locators are verified	CHOW_RESEARCH_FAMILY
SRC-LEUNG-2026-MOTION	Leung, J. R. 2026. Detecting paths of change in the heritage context: Directional motion event expression in Cantonese spoken in Toronto and Hong Kong. Asia-Pacific Language Variation 11(1-2).	peer-reviewed journal article; author-uploaded accepted manuscript	https://doi.org/10.1075/aplv.25004.leu	accepted manuscript pp. 13-18, 22-28, 39-41; appendices pp. 55-60	VERIFIED_ACCEPTED_MANUSCRIPT	Directional morphemes as main verbs or complements; locative objects; source and goal; immediately following motion-cum-purpose phrases; purposive 去/嚟 boundary	The study's coding decisions and heritage-comparison sample do not define Canto Span nodes or establish unrestricted productivity	LEUNG_2026_MOTION
SRC-SZETO-2015-PERFECTIVE	Szeto, P. Y. 2015. The Emergence of Perfective Aspect in Cantonese-English Bilingual Children: Bilingual Development and Language Contact. MPhil thesis, The Chinese University of Hong Kong.	master's thesis	https://repository.lib.cuhk.edu.hk/tc/item/cuhk-1291427	thesis pp. 29-30 and 45	VERIFIED_FULL_TEXT	Attested adult/model Cantonese motion predicates with perfective 咗 before an overt goal: 去咗圖書館, 返咗屋企, 到咗學校	The thesis studies perfective aspect and bilingual development; these examples attest forms but do not establish a parser ontology or the full motion-verb inventory	SZETO_2015
SRC-CHOR-2018-DIRECTIONALS	Chor, W. O. W. 2018. Directional Particles in Cantonese: Form, Function, and Grammaticalization. Amsterdam/Philadelphia: John Benjamins.	research monograph	https://doi.org/10.1075/scld.9	PDF pp. 63, 111-115, 124-127, and 207-208; corresponding printed pp. 45, 93-97, 106-109, and 189-190; examples 15-26	VERIFIED_FULL_TEXT	Directional complement ordering; 到 as arrival/goal verb or particle; lexicalized 返 expressions; exact purposive 嚟/去 examples; asymmetry in the purposive distributions of 嚟 and 去; pure purposive 嚟 without a hidden locative object	The monograph combines synchronic, diachronic, corpus, and theory-specific analyses. Its proposed hidden-goal analysis is not imported as parser ontology, and the attested examples do not license arbitrary verb sequences or free 嚟/去 substitution	CHOR_2018
SRC-KWAN-2010-LOCATIVE	Kwan, S. W. M. 2010. The Placement of Locative Prepositional Phrases in Cantonese: Processing and Iconicity. Taiwan Journal of Linguistics 8(2): 163-198.	peer-reviewed journal article	https://ah.lib.nccu.edu.tw/item?item_id=113083	journal pp. 163-169; examples 1-6	VERIFIED_FULL_TEXT	Dominant preverbal 喺 locative phrase order; event-location versus postverbal result-location contrast; static location and source placement	The article analyzes locative PP placement, not all predicates, localizers, presentational codas, or Canto Span's umbrella label	KWAN_2010
SRC-YIP-MATTHEWS-2000-BASIC	Yip, V. and Matthews, S. 2000. Basic Cantonese: A Grammar and Workbook. London/New York: Routledge.	descriptive reference grammar and workbook	https://culturequote.wordpress.com/wp-content/uploads/2013/03/cantonese-basic.pdf	Units 4, 6-7, 11, 13, 18-20, 23-25, 27-28; especially Unit 4 printed p. 19, Unit 13 printed p. 67, Unit 24 printed p. 127, and Unit 28 printed p. 146	VERIFIED_FULL_TEXT	Possessive/existential 有/冇; locatives and motion; aspect and final 未; in-situ wh questions; temporal expressions; modal and preference examples; predicate/adjective repetition answers; perfective/experiential short replies; polite formulae; transparent 好多嘢 quantity NP; age and currency measure expressions; 幾多錢/幾多歲 and 幾 + adjective/adverb scalar questions; exact 以為 + clausal-content example.	A teaching reference supplies exact examples and contrasts, not exhaustive corpus frequencies, unrestricted productivity, a unified scalar ontology, the exact 七杯度 form, generalized copula omission for price/area/length, complementizer analysis, or proof that each composition needs a dedicated parser node.	YIP_MATTHEWS_2000
SRC-LEUNG-2014-COVERBS	Leung, H. H. 2014. Cantonese Coverbs: A Syntactic Reanalysis. MA qualifying paper, University of California, Berkeley.	unpublished university qualifying paper	https://linguistics.berkeley.edu/~herman/documents/CantoneseCoverbs_MAPaper_Leung.pdf	pp. 1-2, 9-18, and 32-34; especially examples (2)-(4), (19)-(22), (26)-(31), and the ordering/attachment discussion	VERIFIED_FULL_TEXT_CORROBORATIVE	Preverbal coverb phrase order; instrumental 用, comitative 同, locative 喺 and broader coverb inventory; exact instrument and comitative examples; co-occurrence with reduplicated manner adverbs; temporal-adverb ordering; and competing adjunct/applicative/control analyses.	Unpublished MA qualifying paper with author judgments and theory-specific analyses. It is corroborative, not sufficient alone for parser promotion, exhaustive marker inventories, universal ordering, or a settled category/attachment analysis.	LEUNG_2014_COVERBS
SRC-MATTHEWS-2006-SVC	Matthews, S. 2006. On Serial Verb Constructions in Cantonese. In A. Y. Aikhenvald and R. M. W. Dixon (eds.), Serial Verb Constructions: A Cross-Linguistic Typology, 69-87. Oxford University Press.	scholarly book chapter	https://hub.hku.hk/bitstream/10722/51758/6/FullText.pdf	chapter pp. 69-75 and 82-84; especially pp. 69, 72-74, 82-84; examples 60-69	VERIFIED_FULL_TEXT	Cantonese serial-verb diagnostics; single-clause/single-predicate analysis; complement and coordination boundaries; semantic/pragmatic constraints on serialization; optional purposive 嚟/去 between verbs; directional-purpose and longer multiverb chains	The chapter explicitly shows indeterminate classifications and semantic/pragmatic restrictions; surface adjacency, subject sharing, or a possible paraphrase with “to” does not independently prove one purpose construction or unrestricted productivity	MATTHEWS_2006
SRC-WONG-2023-LANGUAGE-SAMPLE	Wong, Anita Mei-Yin. 2023. Understanding Development and Disorder in Cantonese Using Language Sample Analysis. Routledge.	research monograph using natural language samples	https://doi.org/10.4324/9780367824013	book pp. 18, 37, 46, 48, 54-59, 65-67, 95-96, and 137; especially 靜啲 on p. 46, 快啲行上去 on p. 48, 哥哥乖啲 on p. 55, and 喺/同 constructions on pp. 56-58	VERIFIED_FULL_TEXT	Natural language samples and operational coding for preverbal prepositional/coverb phrases, locative 喺, comitative 同, scalar/comparative 啲, imperative 靜啲, preposed 快啲 before a directional predicate, aspect and directional structures, and spatial/progressive ambiguity.	Clinical/developmental language-sample framework; examples and coding categories do not prove unrestricted adult productivity, exhaustive modifier-head selection, one settled syntactic analysis, or Canto Span node boundaries.	WONG_2023_LANGUAGE_SAMPLE
SRC-SHAN-JIN-2025-MOTION-TYPOLOGY	Shan, Yunming and Jin, Lixin. 2025. 粵語位移事件編碼類型再探 [Revisiting the Encoding Typology of Motion Events in Cantonese]. Language and Linguistics 26(2).	peer-reviewed journal article; corpus-informed motion-event typology	https://doi.org/10.1075/lali.00202.sha	§§3.1-3.3 and 4.1; examples 1-20 and 29-35; published online 17 March 2025	VERIFIED_FULL_TEXT_AUTHOR_UPLOAD_AND_PUBLISHER_METADATA	Independent path verbs; direction-plus-deixis sequences; manner-plus-path sequences; three-way contrast among single-verb, serial/path-verb, and resultative motion encoding; aspect-position diagnostics	The article advances a serial-verb/path-verb analysis that competes with complement analyses; its typology does not validate Canto Span labels or license every lexical combination.	SHAN_JIN_2025_MOTION
SRC-YIU-2016-DIRECTIONAL-ASPECT	Yiu, Carine Yuk-man (姚玉敏). 2016. 粵語繼續體「落去」和開始體「起嚟」的產生. In 漢語研究的新貌：方言、語法與文獻 / New Horizons in the Study of Chinese: Dialectology, Grammar, and Philology, pp. 261-284.	research chapter in an academic edited volume	https://www.cuhk.edu.hk/ics/clrc/yue/20_carine_yiu.pdf	pp. 263-270; examples 8-56, especially 10-17, 20-45, and 50-56	VERIFIED_FULL_TEXT	Directional lexemes as predicates or complements; come/go deixis; manner-plus-direction; complex directionals; object-order differences; potential V-得/唔-directional restrictions; directional-to-aspect grammaticalization	The chapter focuses on 落去 and 起嚟 and documents lexical asymmetries; it does not establish a uniform productive class or one uncontested syntactic ontology.	YIU_2016_DIRECTIONAL_ASPECT
SRC-LIANG-MAI-2025-GRAMMAR-CODING	Liang, Yuqing and Mai, Ziyin. 2025. Supplementary materials for Grammatical development of the native L1 in Cantonese-English bilingual children: early costs and long-term gains. Bilingualism: Language and Cognition.	supplementary coding scheme for a peer-reviewed empirical article	https://static.cambridge.org/content/id/urn%3Acambridge.org%3Aid%3Aarticle%3AS1366728925100412/resource/name/S1366728925100412sup001.pdf	Appendix S1, Table S1; PDF pp. 10-12, especially category 53 temporal adverbs and category 59 conditional conjunctions with 如果病咗，就要去睇醫生; inherited directional categories on pp. 4-5	VERIFIED_FULL_TEXT_SUPPLEMENT	Operational coding separates temporal 就 from conditional conjunctions; category 59 lists 如果, 就, and 就算 and gives 如果病咗，就要去睇醫生; inherited evidence covers negation, directionals, and potentials.	The child-language coding scheme is adapted from Wong 2023 and is operational evidence, not an exhaustive adult grammar. Listing 就 in both temporal and conditional categories supports polyfunctionality but does not itself decide attachment in every utterance.	LIANG_MAI_2025_CODING
SRC-CHENG-SYBESMA-1999-NP	Cheng, Lisa Lai-Shen and Rint Sybesma. 1999. Bare and Not-So-Bare Nouns and the Structure of NP. Linguistic Inquiry 30(4): 509-542.	peer-reviewed journal article	https://doi.org/10.1162/002438999554192	pp. 509-515, 526-530; Cantonese examples 3-4 and 29-33	VERIFIED_FULL_TEXT	Distribution, interpretation, and constituent structure of Cantonese bare nouns and classifier+noun phrases.	The article advances a particular syntactic analysis and predates later evidence of geographic and speaker variation; it does not prescribe Canto Span node names or object-role labels.	CHENG_SYBESMA_1999
SRC-SIMPSON-SOH-NOMOTO-2011-BARE-CL	Simpson, Andrew, Hooi Ling Soh, and Hiroki Nomoto. 2011. Bare classifiers and definiteness: A cross-linguistic investigation. Studies in Language 35(1): 168-193.	peer-reviewed journal article	https://doi.org/10.1075/sl.35.1.10sim	pp. 168-172; examples 1-3 and discussion of Hong Kong and Guangzhou Cantonese variation	VERIFIED_FULL_TEXT	Definition and interpretation of bare-classifier forms, including Cantonese classifier+noun expressions in subject and object positions.	Elicitation results establish variation in definite-reference preferences; they do not license one invariant definiteness rule or a classifier-alone nominal.	SIMPSON_SOH_NOMOTO_2011
SRC-YU-2006-NOMINAL-MODIFIERS	Yu, Dominic. 2006. Relative clauses and nominal modifiers in Cantonese. Unpublished research paper, University of California, Berkeley.	unpublished research paper	https://linguistics.berkeley.edu/~dom/cantonese-rc.pdf	pp. 3-7; examples 3, 9, and 11-12	VERIFIED_FULL_TEXT_CORROBORATIVE	Cantonese nominal order, possessive classifier phrases, demonstrative-classifier phrases, and headless demonstrative+classifier NPs.	Not peer reviewed and partly theoretical; use only as corroboration or narrow evidence for explicitly illustrated forms, never as sole authority for productivity.	YU_2006
SRC-BOND-SIO-2024-CLASSIFIERS	Bond, Francis and Joanna Ut-Seong Sio. 2024. A Construction-based Approach to Cantonese Classifiers. Proceedings of the 31st International Conference on Head-Driven Phrase Structure Grammar, 60-75.	peer-reviewed conference paper with implemented grammar	https://doi.org/10.21248/hpsg.2024.4	pp. 61-66; Table 1; examples 1-3	VERIFIED_FULL_TEXT	Four Cantonese NP schemata D-(X)-C-N, X-C-N, C-N, and N; classifier cardinality and cognitive-status distinctions; implemented HPSG analysis.	The HPSG analysis is one explicit formalization, not a settled universal ontology; its semantic type hierarchy should not be imported wholesale into Canto Span.	BOND_SIO_2024
SRC-LAM-LAU-LEE-2024-SEGMENTATION	Lam, Charles, Chaak Ming Lau, and Jackson L. Lee. 2024. Multi-Tiered Cantonese Word Segmentation. Proceedings of LREC-COLING 2024, 11993-12002.	peer-reviewed conference paper and corpus annotation scheme	https://aclanthology.org/2024.lrec-main.1047/	pp. 11997-11999 classifier/NP sections; PDF pp. 5-6 sections 4.5.2 and 4.6 on 有 segmentation, degree modifiers, and opaque 好食/難食 units	VERIFIED_FULL_TEXT	Overt segmentation of classifier NPs and noun ellipsis; distinction between verbal possessive 有 with an explicit subject and existential-marker 有 introducing an NP without an overt subject; degree modifiers and opaque lexical adjective units.	The paper specifies a word-segmentation annotation scheme rather than a complete syntax or semantics. Its segmentation distinctions corroborate overt boundaries but do not establish all argument structures, question types, ellipsis licensing, or parser nodes.	LAM_LAU_LEE_2024
SRC-XIA-2025-CLASSIFIERS	Xia, Hengliang. 2025. Syntax of Classifiers and Measure Words in Three Chinese Languages. Proceedings of the 2025 Annual Conference of the Canadian Linguistic Association.	peer-reviewed conference proceedings paper	https://cla-acl.ca/pdfs/actes-2025/Xia-CLA-2025.pdf	pp. 1, 6-11; Table 1; examples 13-15; Figures 2-3	VERIFIED_FULL_TEXT	Cantonese Num-CL-N, Dem-CL-N, bare CL-N, Poss-CL-N distribution; coordination and noun-ellipsis diagnostics; limits on inserting jat1.	Comparative judgments and the proposed right-branching analysis are author analyses; use distributional contrasts as evidence but retain competing structural analyses.	XIA_2025
SRC-SIO-BOND-2025	Sio, Joanna Ut-Seong and Francis Bond. 2025. Inner and outer aspect in Cantonese. HPSG 2025 conference paper.	peer-reviewed conference paper / published conference PDF	https://dkaramasov.github.io/hpsg2025/assets/pdf/7-inner-and-outer-aspect-in-cantonese.pdf	PDF pp. 2-4 and 6-7; section 2; examples (2a-c); Tables 1-2; outer-aspect inventory, V-OAP ordering, and selectional restrictions	VERIFIED_FULL_TEXT	Outer aspect inventory: 咗 perfective, 過 experiential, 緊 progressive, 住 continuous, 吓 delimitative; V-OAP ordering; distinction between viewpoint and situation aspect; selected compatibility restrictions; implemented HPSG analysis.	The paper implements an illustrative subset and adopts an HPSG analysis. Its tables and lexical types do not establish exhaustive compatibility, every directional-aspect order, a free productive template, or Canto Span node boundaries.	SIO_BOND_2025_ASPECT
SRC-SYBESMA-2013	Sybesma, Rint. 2013. Cantonese sin1 先 and the question of microvariation and macrovariation. In Guangshun Cao, Hilary Chappell, Redouane Djamouri, and Thekla Wiebusch (eds.), Breaking Down the Barriers: Interdisciplinary Studies in Chinese Linguistics and Beyond, 971-994. Taipei: Academia Sinica.	peer-reviewed academic book chapter; author-uploaded full text	https://www.researchgate.net/publication/305411096_Cantonese_sin_xian_and_the_question_of_microvariation_and_macrovariation	author-uploaded full chapter; abstract and discussion distinguishing several sin forms; postverbal sin1 analysis; inherited printed example (25a) on verbal-particle + perfective order	VERIFIED_FULL_TEXT	Postverbal Cantonese sin1 as an adverbial; multiple sin forms differing in semantics, pronunciation, and distribution; microvariation/contact analysis; inherited example 佢食完咗啲飯.	The chapter advances a contact and microvariation analysis and distinguishes several forms rather than one uniform marker. It does not license every V+先 sequence, every final-particle cluster, or the Canto Span PriorityMarkerClause wrapper.	SYBESMA_2013
SRC-FAN-CHAN-2022	Fan, Xiaolei and Kin Wing Kevin Chan. 2022. 香港粵語「咗」的語法特點：與北京話「了1」的比較 [Grammatical properties of zo 咗 in Hong Kong Cantonese: A comparative study with le1 了1 in Beijing Mandarin]. Language and Linguistics 23(3): 371-410.	peer-reviewed open-access journal article	https://www.jbe-platform.com/content/journals/10.1075/lali.00110.fan?crawler=true	p. 374, example (3c); publisher abstract and crawler text	VERIFIED_PUBLISHER_TEXT_AND_METADATA	Constrained placement of 咗 in complex VPs and the exact published example 琴日佢做完(咗)功課喇	The article supports form and placement claims, not Canto Span labels or unrestricted completion-marker substitution; crawler-visible text was used for the exact example rather than a locally archived PDF.	FAN_CHAN_2022
SRC-LAW-2001-ANOTA	Law, Ann. 2001. A-not-A Questions in Cantonese. UCL Working Papers in Linguistics 13: 295-318.	peer-reviewed/edited university working-paper article; author full text	https://www.phon.ucl.ac.uk/publications/WPL/01papers/law.pdf	pp. 296-298 examples (1), (8); pp. 306-307 examples (33)-(44); pp. 315-317 examples (57)-(65)	VERIFIED_FULL_TEXT	Cantonese A-not-A syntax; eligible predicate/modal categories; co-occurrence restrictions; modal subtypes; copular 係唔係 analysis; neutral-context contrast.	Minimalist analysis and author judgments are theory-dependent; some generalizations conflict with other descriptions or samples and do not prescribe Canto Span node boundaries.	LAW_2001_ANOTA
SRC-LI-2017-ANOTA	Li, Clare. 2017. The Syntactic and Pragmatic Properties of A-not-A Question in Chinese. MA thesis, University of Canterbury.	university MA thesis with full repository text	https://ir.canterbury.ac.nz/items/0764332d-7d53-44d8-a034-a0e316f2145f	PDF pp. 7, 12-15, 49-55, 74-87; especially examples (1), (7)-(11) and conclusion examples (1)-(4)	VERIFIED_FULL_TEXT	Attested Cantonese A-not-A surfaces from three Hong Kong films; 唔 negator; monosyllabic and reduced disyllabic patterns; modal/adjectival forms; final particles; pragmatic uses.	Small film/dubbing/subtitle sample and thesis analysis are not an exhaustive grammar or frequency model; absence from the sample is not evidence of impossibility.	LI_2017_ANOTA
SRC-HARA-2023-POLAR	Hara, Yurie. 2023. Cantonese Question Particles. In Discourse Particles in Asian Languages, Volume I: East Asia. Routledge.	peer-reviewed academic book chapter; author full-text manuscript and publisher metadata	https://yuriehara.github.io/website/download/RoutledgeCantoneseParticle.pdf	author PDF pp. 1-2 and 13-17; example (1a); Figure 2; conclusion	VERIFIED_FULL_TEXT_AND_PUBLISHER_METADATA	Contrast among Cantonese polar-question types; 有冇 + VP A-not-A example; expectation/bias analysis; forced-choice and naturalness-rating experiments.	The semantic analysis and limited experimental contexts do not establish a hard parser licensing condition; the author explicitly notes private-belief/context complications.	HARA_2023_POLAR
SRC-YIP-1988-NEGATION	Yip, Moira. 1988. Negation in Cantonese as a Lexical Rule. Bulletin of the Institute of History and Philology 59: 449-477.	peer-reviewed journal article; official archive full text	https://www11.ihp.sinica.edu.tw/storage/w2_file/3407pXasnae.pdf	pp. 449-477; abstract and opening discussion of 唔, suppletive 有/冇, eligible lexical categories, and A-not-A reduplication	VERIFIED_FULL_TEXT	Lexical-rule analysis of Cantonese negation and A-not-A formation; special suppletive negative of 有; broad lexical category eligibility.	This is a theory-specific lexical analysis drawing heavily on Yau 1973; use it as a competing formal account and source of distributional observations, not as the sole parser architecture.	YIP_1988_NEGATION
SRC-FAN-2026-JAU-VP	Fan, Xiaolei. 2026. The Modal Meaning of the jau5 (有) have+VP in Hong Kong Cantonese. Journal of Chinese Linguistics 54(2): 458-479.	peer-reviewed journal article; official journal abstract and author publication metadata	https://jcl.fah.um.edu.mo/the-modal-meaning-of-the-jau5-%E6%9C%89havevp-in-hong-kong-cantonese/	official abstract; Journal of Chinese Linguistics 54(2):458-479; Peking University author publication list	VERIFIED_OFFICIAL_ABSTRACT_AND_METADATA	Auxiliary/modal 有 + dynamic VP in Hong Kong Cantonese and its preferential occurrence in polar questions, conditionals, and negatives.	Abstract-level verification only; it does not supply the full example inventory, exact 有冇 question syntax, or a Canto Span construction taxonomy.	FAN_2026_JAU_VP
SRC-ALDERETE-ETAL-2017-SYNOPSIS	Alderete, John, Queenie Chan, Macarius Chan, Gloria Fan, and Olivia Nickel. 2017. Cantonese Grammar Synopsis.	university-hosted scholarly grammar synopsis with full text and literature cross-references	https://www.sfu.ca/~alderete/pubs/aldereteEtal2017_cantgsyn2017-10-31.pdf	title page; pp. 24, 27, 29, 37-39, and 42; especially simple VP inventory at printed p. 37 and examples (69ii-iii), (76), and (108)	VERIFIED_FULL_TEXT	Cantonese lexical-category overlap; explicit intransitive/transitive/ditransitive VP schemata; valency-sensitive NP complements; auxiliary-supported omission; predicative adjective behavior; degree modification; aspect; wh questions; lexical 話 and cognition predicates including 覺得 + proposition.	A synopsis summarizes prior research and supplies broad schemata. Its simple VP inventory does not determine the valency of every lexeme or use, distinguish every null argument from lexical intransitivity, establish exact complement ellipsis after 覺得, or prescribe Canto Span node boundaries.	ALDERETE_ETAL_2017_SYNOPSIS
SRC-FRANCIS-MATTHEWS-2005-VERB-CATEGORY	Francis, Elaine J., and Stephen Matthews. 2005. A multi-dimensional approach to the category verb in Cantonese. Journal of Linguistics 41(2):269-305.	peer-reviewed journal article; official publisher abstract and metadata verified	https://doi.org/10.1017/S0022226705003270	official Cambridge abstract and publication metadata, Journal of Linguistics 41(2):269-305	VERIFIED_OFFICIAL_ABSTRACT_AND_METADATA	Overlapping verb/adjective distributions in Cantonese; multidimensional feature analysis; semantic classes licensing adjective-like and verb-like constructions.	Only the official abstract and metadata were verified in this batch; do not attribute uninspected examples, diagnostics, or detailed feature values to the article.	FRANCIS_MATTHEWS_2005_VERB_CATEGORY
SRC-CHIN-2018-PROHIBITIVES	Chin, Chi On. 2018. 唔好客氣 vs. 咪走寶: A corpus-based study of Cantonese prohibitive markers. Paper presented at the 18th Workshop on Cantonese, Chinese University of Hong Kong.	published conference paper; official university repository abstract and metadata	https://repository.eduhk.hk/en/publications/%E5%94%94%E5%A5%BD%E5%AE%A2%E6%B0%A3-vs-%E5%92%AA%E8%B5%B0%E5%AF%B6-a-corpus-based-study-of-cantonese-prohibitive-markers/	official repository abstract and metadata; abstract distinction 咪/唔好 versus ordinary negator 唔	VERIFIED_OFFICIAL_ABSTRACT_AND_METADATA	Cantonese prohibitive markers 咪 and 唔好 and their distinction from ordinary negation with 唔.	Abstract-level verification does not establish every syntactic environment or resolve every ambiguous orthographic string beginning with 唔好.	CHIN_2018_PROHIBITIVES
SRC-LAM-2018-NEGATION-ASPECT	Lam, Cherry Chit-Yu. 2018. On the Interaction between Negation and Aspect in Grammaticalisation: A Cross-linguistic Study of Three Chinese Varieties. Current Research in Chinese Linguistics 97(1):215-232.	peer-reviewed journal article; official university-hosted full text	https://www.cuhk.edu.hk/ics/clrc/crcl_97_1/lam.pdf	pp. 215-218, especially Table 1 and examples (1)-(3); pp. 227-230 on the existential > possessive > aspect pathway	VERIFIED_FULL_TEXT	Hong Kong Cantonese split negation; 冇 as negative existential/possessive and perfective negator; positive 有 versus negative 冇; separation from ordinary 唔 and copular negation.	The grammaticalisation and Minimalist analyses are theory-specific. The article does not establish every discourse fragment, question template, availability nominal, or parser category used by Canto Span.	LAM_2018_NEGATION_ASPECT
SRC-LIANG-MAI-2026-GRAMMAR-CODING	Liang, Yuqing, and Ziyin Mai. 2026 [published online 2025]. Grammatical development of the native L1 in Cantonese-English bilingual children: early costs and long-term gains. Bilingualism: Language and Cognition 29(3):795-808. Supplementary coding scheme.	peer-reviewed journal article with official publisher supplementary coding scheme	https://doi.org/10.1017/S1366728925100412	official Cambridge article metadata; supplementary PDF pp. 9-10, categories 47 and 51, especially [jau5mou5-NP] and wh-question examples	VERIFIED_OFFICIAL_ARTICLE_AND_SUPPLEMENT_FULL_TEXT	Operational coding of Cantonese existential questions as 有冇 + NP and in-situ wh-questions; attested examples including 呢度有冇車車呀, 做乜有一個橙嘅, and 有幾多架車呀.	The coding scheme is designed for child-language sample analysis and explicitly uses closed/open category decisions. It supports attested forms and a research coding distinction, not an exhaustive adult grammar or proof of Canto Span node boundaries.	LIANG_MAI_2026_GRAMMAR_CODING
SRC-LAU-LEE-2021-RVC	Lau, Helena Yan Ping, and Sophia Yat Mei Lee. 2021. On Resultative Verb Compounds in Cantonese and Mandarin. Lingua Sinica 7(1):23-50.	peer-reviewed journal article; author-uploaded full text and official university metadata	https://doi.org/10.2478/linguasinica-2021-0002	pp. 23-25, 33, and 41-44; abstract; resultative comparisons and summary table	VERIFIED_FULL_TEXT_AUTHOR_UPLOAD_AND_OFFICIAL_METADATA	Restricted distribution of Cantonese lexical resultative verb compounds; distinct V-到 result constructions, verb-copying V-到, and causative alternatives; event-role and argument-configuration constraints.	The proposed linking rules and judgments are analysis-specific and do not exhaust contemporary speaker variation. Attested alternatives do not license arbitrary verbs, result predicates, objects, or parser node boundaries.	LAU_LEE_2021_RVC
SRC-CHENG-SYBESMA-2004-POSTVERBAL-DAK	Cheng, Lisa Lai-Shen, and Rint Sybesma. 2004. Postverbal can in Cantonese (and Hakka) and Agree. Lingua 114(4):419-445.	peer-reviewed journal article; author-uploaded full text and publisher metadata	https://doi.org/10.1016/S0024-3841(03)00067-6	author PDF pp. 2-5 and 18-20; examples (1)-(4), section 2 summary, footnote 6, and section 4.3	VERIFIED_AUTHOR_FULL_TEXT_AND_PUBLISHER_METADATA	Postverbal 得 in permission/ability and result-potential structures; positive V-得-R; negative potential V-唔-R; directional potential examples; separate postverbal descriptive 得 construction.	The formal Agree/small-clause analysis is theory-specific, and the paper reports judgment differences from earlier descriptions. It does not license every verb, result head, directional sequence, or bare V得 as potential.	CHENG_SYBESMA_2004_POSTVERBAL_DAK
SRC-SIO-2011-GE3	Sio, Joanna Ut-Seong. 2011. The Cantonese ge3. In F. H. Yap, K. Grunow-Hårsta, and J. Wrona (eds.), Nominalization in Asian Languages: Diachronic and Typological Perspectives, 125-146. John Benjamins.	peer-reviewed book chapter	https://doi.org/10.1075/tsl.96.04sio	printed pp. 128-133; examples 9-25; especially examples 11-13, 19, 24-25	VERIFIED_FULL_TEXT_AND_PUBLISHER_METADATA	Adnominal ge3 after adjectives, possessors, relative clauses, and nominal complements; restricted bare modifiers; interpretive contrast between bare and ge3 modifiers; referential headless modifier-ge3 nominals; distinction from sentence-final ge3.	The chapter advances a particular indexical and empty-noun analysis. Surface distributions and examples may be used, but the parser must not import a silent noun, a single unified ge3 analysis, or unrestricted modifier productivity.	SIO_2011_GE3
SRC-CHAN-MATTHEWS-YIP-2011-RC	Chan, Angel, Stephen Matthews, and Virginia Yip. 2011. The Acquisition of Relative Clauses in Cantonese and Mandarin. In E. Kidd (ed.), The Acquisition of Relative Clauses: Processing, Typology and Function, 197-225. John Benjamins.	peer-reviewed book chapter	https://doi.org/10.1075/tilar.8.10cha	printed pp. 198-200 and 219-222; examples 1-2	VERIFIED_AUTHOR_FULL_TEXT_AND_PUBLISHER_METADATA	Prenominal Cantonese relative clauses; classifier relatives and ge3 relatives; ge3 as an overt link between modifying clause and head noun; internally headed and noun-modifying-construction analyses as live alternatives.	The chapter reviews competing processing and syntactic analyses. Its examples establish overt construction types, not a mandatory filler-gap derivation or the runtime’s object-gap heuristic.	CHAN_MATTHEWS_YIP_2011_RC
SRC-CHAN-ETAL-2018-RC	Chan, Angel, Wenchun Yang, Franklin Chang, and Evan Kidd. 2018. Four-year-old Cantonese-speaking children’s online processing of relative clauses: A permutation analysis. Journal of Child Language 45(1): 174-203.	peer-reviewed journal article	https://doi.org/10.1017/S0305000917000198	publisher abstract and article metadata; pp. 174-203	VERIFIED_PUBLISHER_RECORD_AND_ABSTRACT	Classifier and ge3 relative clauses as distinct Cantonese constructions with different frequencies, syntactic analyses, and processing profiles.	A child-processing experiment does not by itself establish adult productivity, all relative-clause subtypes, or one correct syntactic theory. Use it to preserve the constructional distinction.	CHAN_ETAL_2018_RC
SRC-WINTERSTEIN-ETAL-2023-NOMINAL-EXPRESSIONS	Winterstein, Grégoire, David Vergnaud, Jérémie Lupien, Samuel Laperle, Hannah Yu, Christopher Davis, and Zoe Pei Sui Luk. 2023. An empirical, corpus-based, approach to Cantonese nominal expressions. Proceedings of PACLIC 37, 436-445.	peer-reviewed conference paper	https://aclanthology.org/2023.paclic-1.43/	pp. 437-441; section 2.1.2, example 2, Tables 1 and 3	VERIFIED_FULL_TEXT	Corpus-based inventory of Cantonese nominal expressions; di1 as a plural classifier in CL-N and NUM-CL-N patterns; compatibility with jat1; positional and information-structural interpretation boundaries.	The corpus and annotations do not make di1 an English-style plural morpheme or assign a fixed some/the/these translation. The authors’ semantic analysis is not a parser ontology.	WINTERSTEIN_ETAL_2023_NOMINAL_EXPRESSIONS
SRC-TANG-2024-CANTONESE-GRAMMAR-GUIDE	Tang, Jason. 2024. Guide to Cantonese Grammar. Version dated 22 January 2024.	author-produced descriptive learner grammar; openly available full text; not peer reviewed	https://ywjt2.user.srcf.net/cantonese/guide_to_cantonese_grammar.pdf	pp. 34-39; sections on approximation, dates, deictic time periods, duration, and telling time	VERIFIED_AUTHOR_FULL_TEXT	Exact contemporary Cantonese approximation forms with preposed 大約/差唔多 and postposed 咁上下/左右; exact examples 一公斤咁上下 and 三日左右; dates, duration contrasts, deictic time forms, and conventional 個字 units.	The author explicitly presents this as a learner guide rather than a linguistic analysis. Exact examples attest marker order and pedagogical contrasts, not productivity, exhaustive lexical selection, syntactic category, corpus frequency, the runtime post-classifier 度 marker, or universal judgments.	TANG_2024_GRAMMAR_GUIDE
SRC-WONG-2002-CANTONESE-ADVERBS	Wong, Lai-yin. 2002. The Morphology, Syntax, and Semantics of Adverbs in Cantonese. MPhil thesis, The University of Hong Kong.	university MPhil thesis; official institutional-repository full text	https://hub.hku.hk/bitstream/10722/33936/1/FullText.pdf	PDF pp. 25-26 (printed pp. 18-19), section distinguishing time words from adverbs; related distributional discussion	VERIFIED_OFFICIAL_REPOSITORY_FULL_TEXT	Time words as nouns rather than a lexical adverb subclass; their ability to function as subject, modifier, object, or adverbial; compatibility with prepositions; distinction between lexical category and adverbial function.	The thesis adopts a particular formal classification and does not provide a complete inventory of time nouns, classifier selection, temporal-clause types, or learner-facing parser nodes. Category analysis should not be converted into hidden structure.	WONG_2002_CANTONESE_ADVERBS
SRC-YIP-2024-TEMPORAL-ADVERBIAL-CLAUSES	Yip, Ka-Fai. 2024. Two Types of Temporal Adverbial Clauses in Cantonese. In Proceedings of the 39th West Coast Conference on Formal Linguistics, ed. Robert Autry et al., 687-694. Cascadilla Proceedings Project.	peer-reviewed conference proceedings paper; official publisher full text	https://www.lingref.com/cpp/wccfl/39/paper3689.pdf	pp. 687-690, especially examples (3)-(4) and section 2 on hai- and dong-temporal adverbial clauses	VERIFIED_OFFICIAL_PUBLISHER_FULL_TEXT	Two overt Cantonese temporal-adverbial-clause types: 喺-headed clauses requiring a time head such as 嗰陣(時)/時候, and 當-headed clauses whose head time NP may be omitted; distinct internal and attachment properties.	The operator-movement and attachment analysis is theory-specific. The paper establishes overt temporal-clause subtypes and contrasts, not that every initial time expression is a subordinate clause or that the runtime’s broad TemporalClause node is valid.	YIP_2024_TEMPORAL_ADVERBIAL_CLAUSES
SRC-KATAOKA-2018-PROGRESSIVE-GAN	Kataoka, Shin (片岡新). 2018. 從早期和現代語料看粵語進行體標記“緊”在複句中的功能. Current Research in Chinese Linguistics 97(1):133-141.	peer-reviewed journal article; official journal full text	https://www.cuhk.edu.hk/ics/clrc/crcl_97_1/kataoka.pdf	pp. 133-136, especially examples (2)-(7), and corpus counts on pp. 135-136	VERIFIED_OFFICIAL_JOURNAL_FULL_TEXT	Postverbal V緊 as progressive; contrast between 緊 and continuous 住; attested telic/motion, state-like, and extended-process uses; discourse/backgrounding use in complex sentences.	The article focuses on historical and discourse functions of 緊. Its examples show distribution beyond an action-verb list but do not establish unrestricted lexical productivity or the parser’s exact directional and question templates.	KATAOKA_2018_PROGRESSIVE_GAN
SRC-FAN-2024-JAU-VP-ASPECT	Fan, Xiaolei (范曉蕾). 2024. 香港粵語“有 VP”的時體意義——兼論普通話的“沒”. Current Research in Chinese Linguistics 103(1):1-30. DOI: 10.29499/CrCL.202401_103(1).00012.	peer-reviewed journal article; official journal full text	https://www.cuhk.edu.hk/ics/clrc/crcl_103_1/fan.pdf	pp. 4-9, especially examples (3)-(9), Table 1, and discussion of V過, V緊, and V住	VERIFIED_OFFICIAL_JOURNAL_FULL_TEXT	Aspectual contrasts among 過, 喺度, 住, 緊, and 咗; V過 as experiential/event-type predication; V緊 as dynamic progressive; V住 as continuous/static and favored in certain subordinate or accompanying-action VPs; 有+V過 distribution.	The paper advances a specific stative/dynamic and nominalization analysis centered on auxiliary 有. Those theoretical classifications are not adopted wholesale, and its judgments do not license free V住/V緊 substitution or every 有+aspect combination.	FAN_2024_JAU_VP_ASPECT
SRC-MATTHEWS-YIP-2011-ASPECT-MULTIMEDIA	Matthews, Stephen and Virginia Yip. 2011. Cantonese: A Comprehensive Grammar, 2nd ed. Multimedia supplement, Chapter 11: Aspect and verbal particles. Chinese University of Hong Kong.	scholarly reference-grammar multimedia supplement hosted by the authors’ university	https://www.cuhk.edu.hk/lin/cbrc/CantoneseGrammar/multimedia/11.htm	CUHK multimedia supplement, Chapter 8 sections 8.4.2 and 8.5.1-8.5.4; Chapter 11 sections 11.2.2-11.2.6	VERIFIED_UNIVERSITY_HOSTED_REFERENCE_SUPPLEMENT	Exact reference examples distinguishing causative constructions, resultative compounds, resultative/extent complements, inverted resultatives, resultative passives, and overt aspect markers including perfective 咗.	The curated supplement illustrates recognized structures but does not validate the runtime’s bespoke 整冧咗, 變咗做, 解決咗, 熟咗, 停咗雨, or six-slot 好似 wrapper labels, nor unrestricted lexical cross-products.	MATTHEWS_YIP_2011_ASPECT_MULTIMEDIA
SRC-LUKE-NANCARROW-1998-AUXILIARIES	Luke, K. K. and O. T. Nancarrow. 1998. Auxiliary Verbs in Cantonese. In Stephen Matthews (ed.), Studies in Cantonese Linguistics. Hong Kong: Linguistic Society of Hong Kong.	corpus-based grammatical study in a scholarly edited volume; full-volume scan hosted by the Linguistic Society of Hong Kong	https://lshk.org/wp-content/uploads/2022/11/STUDIES-IN-CANTONESE-LINGUISTICS.pdf	chapter printed pp. 81-98 (PDF pp. 87-104), especially examples (1)-(16), sections 2-3, examples (41)-(55), and corpus table (57)	VERIFIED_SCHOLARLY_FULL_TEXT_SCAN	Position and scope of Cantonese auxiliaries; inability of core auxiliaries to take NP objects or stand alone except ellipsis; core/non-core distinction; lexical inventories and meanings; main-verb/auxiliary contrasts for 想, 要, and 鍾意; suppletive 要 negation; corpus frequencies in a 22,426-word running text.	The word-class analysis, speaker judgments, and one running-text corpus do not prove unrestricted productivity, exhaustive modern distribution, universal acceptability, or Canto Span node boundaries. Core/non-core is evidence for heterogeneity, not a required learner ontology.	LUKE_NANCARROW_1998_AUXILIARIES
SRC-YEUNG-2006-WAA6-COMPLEMENTIZER	Yeung, Ka-Wai. 2006. On the Status of the Complementizer WAA6 in Cantonese. Taiwan Journal of Linguistics 4(1):1-48.	peer-reviewed journal article; official open-access abstract and bibliographic record	https://toaj.stpi.niar.org.tw/index/journal/volume/article/4b1141f983eb49dc0183f05012b40332	official abstract; Vol. 4(1), pp. 1-48; distinctions waa6_1, waa6_2, and waa6_3	VERIFIED_OFFICIAL_ABSTRACT	Distinct lexical and functional uses of 話: speech verb “say,” transitive blame/condemn verb, and proposed clause-selecting complementizer after saying or cognition predicates; formal differences in aspect and argument selection.	Only the official abstract was accessible in this pass. It supports the stated distinctions and the author’s proposal, not every detailed test or universal acceptance of the complementizer analysis.	YEUNG_2006_WAA6
SRC-MATTHEWS-2021-COMPLEMENTIZER-PROBLEMS	Matthews, Stephen. 2021. Some unresolved problems in Cantonese grammar. Seminar paper, Lund Circle of East Asian Linguistics, 18 October 2021.	scholarly conference/seminar paper; official university repository abstract	https://hub.hku.hk/handle/10722/312156	official abstract, lines discussing 話; example 佢同我講話冇錢喎	VERIFIED_OFFICIAL_REPOSITORY_ABSTRACT	The synchronic analysis of 話 as a complementizer or semi-complementizer is unresolved; the cited surface sequence after 講 is real, but CP analysis conflicts with other proposals and may require an alternative.	A seminar abstract identifies a theoretical problem and one example; it does not provide a complete alternative grammar or reject every complementizer analysis.	MATTHEWS_2021_COMPLEMENTIZER_PROBLEMS
SRC-YAP-WONG-CHOR-2014-STANCE	Yap, Foong Ha, Tak-sum Wong, and Winnie Oi-wan Chor. 2014. Clause-medial particles and stance marking in Cantonese.	scholarly conference presentation; institutional-repository full slide deck	https://ira.lib.polyu.edu.hk/bitstream/10397/6984/1/Yap_Clause-medial_Particles_Stance-marking.pdf	slides 4, 28-33, and 37; especially lexical/stance continuum for 唔知 and hearsay/complementizer-like 話 examples	VERIFIED_INSTITUTIONAL_FULL_TEXT	Complement-taking predicates may be reanalyzed as stance adverbials/parentheticals; 唔知 ranges from lexical “not know” through doubt to negative-attitude marking; subjectful and subjectless 知-complement examples; lexical and complementizer-like/hearsay uses of 話.	This is a presentation synthesizing corpus and historical work. Its grammaticalization pathways and stance categories do not by themselves license a parser-wide productive template or settle every synchronic constituent analysis.	YAP_WONG_CHOR_2014_STANCE
SRC-LUI-2025-REPORTED-THOUGHT	Lui, Pun Ho. 2025. Reported Thought in Cantonese. Asian Languages and Linguistics, accepted preprint.	accepted scholarly article preprint; author full text	https://www.researchgate.net/publication/391644894_Reported_Thought_in_Cantonese	abstract and sections 1, 3, and 5; pp. 1 onward; examples with 心諗 and comparison with 話 reported speech	VERIFIED_AUTHOR_ACCEPTED_PREPRINT	Reported-thought 心諗 construction with overt or contextually implicit thought complements; structural distinction between reported thought and reported speech with 話; direct/indirect thought and complement variability.	The paper focuses on 心諗 and written/conversational reported thought. It does not establish a general cognition predicate cross-product or make reported thought and ordinary belief complements interchangeable.	LUI_2025_REPORTED_THOUGHT
SRC-LAM-BODOMO-2003-VERB-ORDER	Lam, Olivia S.-C., and Adams B. Bodomo. 2003. Modeling Verb Order in Complex Multi-Verbal Predicate Constructions. Proceedings of PACLIC 17, 328-338.	peer-reviewed conference proceedings paper; official ACL Anthology full text and metadata	https://aclanthology.org/Y03-1037/	pp. 328-333; especially example (1), repeated as (12), VP decomposition in (13), and ordering contrasts in (14)-(15)	VERIFIED_OFFICIAL_FULL_TEXT_AND_METADATA	Broad Cantonese serial-verb definition; exact progressive first VP + 嚟 + purpose VP example; explicit three-VP decomposition; evidence that possible VP orders are constrained rather than freely permutable	The Optimality-Theoretic account and its focus/order constraints are theory-specific. One example does not validate the runtime’s exact 喺度 + progressive + unlinked purpose template or arbitrary multiverb cross-products	LAM_BODOMO_2003_VERB_ORDER
SRC-CHENG-2022-HAI6-RESPONSE	Cheng, Lisa Lai-Shen. 2022. Response particles hai6 in Cantonese. Journal of Chinese Linguistics 50(2): 532-544.	peer-reviewed journal article; official publisher preview and metadata	https://cup.cuhk.edu.hk/image/catalog/journal/jpreview/JCL_50.2_532-544NEW.pdf	pp. 532-533; examples (1)-(2); publisher abstract on preview p. 3	VERIFIED_OFFICIAL_PUBLISHER_PREVIEW_AND_METADATA	係 hai6 as a positive response particle with negative counterpart 唔係; responses to polar questions and to non-interrogative speech acts; exact 係啊 response tokens.	Only the publisher preview and abstract were inspected. The article does not validate every runtime particle variant, every response environment, repetition template, or a unified FormulaDiscourseUnit node.	CHENG_2022_HAI6_RESPONSE
SRC-LI-2006-FINAL-PARTICLES	Li, Boya. 2006. Chinese Final Particles and the Syntax of the Periphery. PhD dissertation, Leiden University. LOT 133.	doctoral dissertation; publisher-hosted full text	https://www.lotpublications.nl/Documents/133_fulltext.pdf	printed pp. 94-95 (PDF pp. 105-106), examples (51)-(55), especially example (54); printed p. 117 (PDF p. 118)	VERIFIED_PUBLISHER_FULL_TEXT	Cantonese final particle 呢 ne1 in declaratives, wh-questions, alternative questions, and thematic questions; exact temporal-topic thematic question ting1-jat6 ne1 “how about tomorrow?”; context-sensitive discourse effects of final particles.	The dissertation adopts an evaluative-mood/cartographic analysis and cites earlier judgments. It does not directly establish the exact runtime strings 你呢 or bare 呢, nor does it authorize hidden predicate recovery or one universal fragment syntax.	LI_BOYA_2006_FINAL_PARTICLES
SRC-LEE-PAN-2024-VP-ELLIPSIS	Lee, Tommy Tsz-Ming, and Victor Junnan Pan. 2024. Licensing VP Movement and Ellipsis in Mandarin and Cantonese. Proceedings of the 40th West Coast Conference on Formal Linguistics, 192-201.	peer-reviewed conference proceedings paper; official full text	https://www.lingref.com/cpp/wccfl/40/paper3711.pdf	pp. 192-196; examples (1)-(13), especially Cantonese examples (3), (5)-(9), and Table 1	VERIFIED_OFFICIAL_FULL_TEXT_AND_METADATA	Selective licensing of Cantonese VP movement and ellipsis; modal/auxiliary heads versus adverbs; licensing by 有/冇/未; failure of progressive 喺度 and some aspectual verbs to license ellipsis; lexical and use-specific contrasts.	The phase-based analysis is theory-specific and many examples concern movement or right dislocation rather than dialogue answers. It supports selective licensing, not unrestricted bare-modal answers, silent structure insertion, or the runtime’s complete FragmentAnswer inventory.	LEE_PAN_2024_VP_ELLIPSIS
SRC-HUANG-HER-KONG-2025-INTERROGATIVES	Huang, Yu-hsin, One-soon Her, and Stano Kong. 2025. Revisiting the Taxonomy of Interrogatives in Cantonese. Tsing Hua Journal of Chinese Studies 55(1): 157-195.	peer-reviewed journal article; author-hosted full text and journal metadata	https://onesoonher.github.io/info/publication/A88-Cantonese-Qs.pdf	pp. 166-168, especially example (5) and discussion; article pp. 157-195	VERIFIED_AUTHOR_FULL_TEXT_AND_METADATA	Polarity-based response behavior in Cantonese polar questions; exact 係啊/啱嘅 confirmation and 唔係啊/唔啱 disconfirmation responses to a negative polar question.	The article advances a revised interrogative taxonomy and relies on author judgments. Its polarity diagnostics do not cover information-question answers, all response particles, formulaic repetitions, or Canto Span node boundaries.	HUANG_HER_KONG_2025_INTERROGATIVES
SRC-KWONG-2018-DEMONSTRATIVES	Kwong, Oi Yee. 2018. The Non-deictic Use of Demonstratives in Conversations and Interpreted Speeches in Contemporary Hong Kong Cantonese. Proceedings of PACLIC 32, 313-321.	peer-reviewed conference proceedings paper; official ACL Anthology full text	https://aclanthology.org/Y18-1036/	pp. 313-315; especially example (3) on p. 314	VERIFIED_OFFICIAL_FULL_TEXT_AND_METADATA	Corpus-attested discourse sequence containing 呢 + 就係 + demonstrative nominal material; non-deictic and discourse-management uses of Cantonese demonstratives across speech registers.	The corpus example is a full discourse sequence, not an isolated identification answer. It does not validate the runtime template identification marker + arbitrary NP + optional particle.	KWONG_2018_DEMONSTRATIVES
SRC-TANG-2015-UTTERANCE-PARTICLES	Tang, Sze-Wing. 2015. A generalized syntactic schema for utterance particles in Chinese. Lingua Sinica 1:3.	peer-reviewed open-access journal article	https://doi.org/10.1186/s40655-015-0005-5	endnote g; article lines corresponding to note on Cantonese 就係啦, bare *就係, and 係啦	VERIFIED_PUBLISHER_FULL_TEXT_AND_METADATA	Particle-bound utterance use of Cantonese 就係啦; contrast with unattested bare 就係 in that utterance-particle use and availability of 係啦.	The article advances a theory-specific syntax of utterance particles. Its starred bare form concerns a particular utterance-particle interpretation, not every copular or focus use of 就係.	TANG_2015_UTTERANCE_PARTICLES
SRC-TAM-2021-DOZE	Tam, Wing Yu (譚詠瑜). 2021. 香港粵語利益性接收標記「多謝」的話語功能及其語法浮現 [The emergence of a beneficial reception marker: The discourse-pragmatic functions of doze in Hong Kong Cantonese]. Tsing Hua Journal of Chinese Studies 51(3): 539-585.	peer-reviewed journal article; corpus-based discourse study	https://doi.org/10.6503/THJCS.202109_51(3).0004	pp. 557-558, example (21), especially 幾錢呀 / 五毫子; p. 556 example (20), 係一百蚊嚟㗎	VERIFIED_PUBLISHER_FULL_TEXT	Corpus-attested exact bare price question 幾錢呀 and amount answer 五毫子 in a historical-film exchange; separate corpus example with overt 係 before a price amount.	The article studies the discourse functions of 多謝, not price syntax. The price exchanges are incidental corpus attestations and do not establish productivity, modern frequency, optional slots around 幾錢, or a unified scalar-question construction.	TAM_2021_DOZE
SRC-CHOW-2007-CANTONESE-EVERYONE	Chow, Bun-Ching. 2007. Cantonese for Everyone (Jyutping version) / 大家嘅廣東話. Hong Kong: The Commercial Press. ISBN 978-962-07-1824-3.	pedagogical Cantonese coursebook	https://openlibrary.org/books/OL23210061M/Cantonese_for_everyone	user-provided scan, PDF pp. 17-21 and 46-50, 54-59; especially printed pp. 23-25 useful/classroom expressions including 唔該講大聲啲, 唔該講慢啲, and other polite directives; inherited locators; bibliographic metadata	VERIFIED_USER_PROVIDED_SCAN_AND_BIBLIOGRAPHIC_METADATA	Exact pedagogical forms for lexical interaction formulae, polite directives with 唔該, degree/manner 啲, possession, self-introduction, naming, titles, destinations, and whereabouts clauses.	Beginner coursebook evidence supplies contextualized forms and teaching templates, not corpus frequency, a general imperative syntax, unrestricted modifier productivity, universal judgments, or parser nodes.	CHOW_2007_CANTONESE_EVERYONE
SRC-ZHENG-ZHANG-GAO-2021-HK-CANTONESE-COURSE	鄭定歐、張勵妍、高石英. 2021. 粵語（香港話）教程（修訂版）（錄音掃碼即聽版）. 香港: 三聯書店.	advanced pedagogical reference coursebook	https://www.jointpublishing.com/publishing/%E7%B2%B5%E8%AA%9E%EF%BC%88%E9%A6%99%E6%B8%AF%E8%A9%B1%EF%BC%89%E6%95%99%E7%A8%8B%EF%BC%88%E4%BF%AE%E8%A8%82%E7%89%88%EF%BC%89%EF%BC%88%E9%8C%84%E9%9F%B3%E6%8E%83%E7%A2%BC%E5%8D%B3%E8%81%BD%E7%89%88/	user-provided searchable PDF; R30 exact locators: PDF pp. 39, 80, 90, 92, 95, 106, 154-155, 189, 205, 214, 243, 256, 270, 296, and 391; including 唔-negation, 未睇完, VP+都得/free-choice 都得, 你覺得佢哋點樣, alternative cognition questions, and 你想約佢幾時; inherited page-level locators; official publisher metadata; R31 extensions: printed p. 215 你諗下係唔係 and glossary printed p. 388 諗住 “想着；以為”	VERIFIED_USER_PROVIDED_FULL_TEXT_AND_OFFICIAL_PUBLISHER_METADATA	Exact Hong Kong Cantonese pedagogical evidence for ordinary 唔 negation, 未 plus completion, postposed 都得 acceptability and free-choice uses, cognition predicates with multiple question-complement types, and scheduling/time questions, plus inherited quantity, scalar, directive, conditional, aspect, locative, manner, weather, naming, discourse, and change-predicate examples. R31 adds exact cognition+下 with a polar-clausal complement and explicit lexical polysemy for 諗住.	A Mandarin-oriented coursebook supplies contextualized exact forms and teaching explanations. It does not establish corpus frequency, a cognition-only delimitative construction, a uniform object analysis after 諗下, productive speech-effect templates, or a single intention-frame ontology.	ZHENG_ZHANG_GAO_2021_HK_CANTONESE_COURSE
SRC-CHEUNG-1990-ADDRESS	Cheung, Samuel Hung-nin. 1990. Terms of Address in Cantonese. Journal of Chinese Linguistics 18(1): 1-43.	peer-reviewed journal article	https://www.jstor.org/stable/i23752848	official journal issue metadata and abstract-level records; article pp. 1-43	VERIFIED_OFFICIAL_METADATA_AND_ABSTRACT_LEVEL_SCOPE	Hong Kong Cantonese address terms as vocatives/designatives, including kinship and social-address systems and their discourse/social functions.	The full article text was not inspected in R20. Abstract and metadata support the existence and heterogeneity of the address system, not the runtime’s exact prefix/name/suffix templates or unrestricted combinations.	CHEUNG_1990_ADDRESS
SRC-LAM-2013-REDUPLICATION	Lam, Charles. 2013. Reduplication across Categories in Cantonese. Proceedings of PACLIC 27, 277-286.	peer-reviewed conference proceedings paper; official ACL Anthology full text	https://aclanthology.org/Y13-1027/	pp. 277-282; especially examples (5), (16), and (22), and section 5.2	VERIFIED_OFFICIAL_FULL_TEXT_AND_METADATA	Cantonese verbal reduplication; V-V-吓 examples; durative versus iterative readings conditioned by the aspectual class/aktionsart of the base predicate; atelic reading versus punctual repeated-event reading.	The paper advances a formal summation/cumulativity analysis from a small judgment inventory. It does not license every action verb, the exact standalone 食食 runtime item, one uniform light/checking gloss, or omission/insertion of overt 一 or 下/吓.	LAM_2013_REDUPLICATION
SRC-CHOR-2013-FAAN1	Chor, Winnie. 2013. From 'direction' to 'positive evaluation': On the grammaticalization, subjectification and intersubjectification of faan1 'return' in Cantonese. Language and Linguistics 14(1): 91-134.	peer-reviewed journal article; official publisher full text and university metadata	https://www.ling.sinica.edu.tw/item/zh-tw?act=journal&code=download&article_id=416	journal pp. 104-108; section 4.1 examples (13)-(23), section 4.2 examples (24)-(30), and footnote 12	VERIFIED_PUBLISHER_FULL_TEXT_AND_UNIVERSITY_METADATA	Directional 返, extended redoing/resumption/reciprocation meanings, restoration to a prior functional state, contemporary again/resumption examples, and distinct subjective/evaluative and interpersonal uses of postverbal 返 with overt objects.	The article is diachronic and functional and documents polysemy rather than a deterministic parser rule. Surface V返NP alone does not identify repetition, restoration, evaluation, politeness, or direction, and the paper does not validate the runtime lexical-class fallback.	CHOR_2013_FAAN1
SRC-CUHK-CANTONESE-EXPRESS-DAILY09	Independent Learning Centre, The Chinese University of Hong Kong. Cantonese Express / 港式粵語速遞, Daily Conversation 9: 病咗睇醫生, contrast exercises.	official university-hosted pedagogical Cantonese resource	https://www.ilc.cuhk.edu.hk/workshop/Chinese/Cantonese/CantoneseExpress/dailyConversation/09/comp_02.aspx	section 6, 返 faan1（表示回復現狀）; items 整返好部電腦, 執返好間房, 你好返未呀, and contrast set on returning to a prior state; section 4 問吓佢嘅意見	VERIFIED_OFFICIAL_UNIVERSITY_WEB_RESOURCE	Exact contemporary teaching examples for V-吓, restorative V返好 with an overt object, adjectival 好返, and return/recovery contrasts after a prior changed state.	This is a learner resource, not a corpus or construction study. It attests exact forms and an explicit pedagogical meaning contrast but does not establish frequency, exhaustive lexical selection, argument optionality, or a parser node.	CUHK_CANTONESE_EXPRESS_DAILY09
SRC-LUI-2020-LOCATIVE-INVERSION	Lui, Wilson. 2020. Locative Inversion in Cantonese. In Miriam Butt and Ida Toivonen (eds.), Proceedings of the LFG’20 Conference, 250-267. Stanford: CSLI Publications.	peer-reviewed conference proceedings paper; official Stanford CSLI full text	https://web.stanford.edu/group/cslipublications/cslipublications/LFG/LFG-2020/lfg2020-lui.pdf	pp. 251-256 and 261-263; especially five location strategies, examples (1)-(5), the 1.58% elicitation result, definition of [localiser + verb + NP], and examples (13)-(15)	VERIFIED_OFFICIAL_FULL_TEXT_AND_METADATA	Five empirically reported strategies for expressing location in Cantonese; exact locative-inversion example 牆上面擺咗部電話; separation from copular, postural, resultative, and existential strategies; rarity in elicited responses; localiser-verb-theme order; and observed perfective 咗 requirement in the analyzed inversion data.	The paper uses a small elicited dataset inherited from Ng 2015 and proposes an LFG/LMT analysis. Locative subjecthood, localiser category boundaries, verb restrictions, and aspect analysis are contested or unresolved; the 1.58% rate is task-specific and does not define parser acceptance.	LUI_2020_LOCATIVE_INVERSION
SRC-TSUNO-2021-VOICE-TRANSITIVITY	Tsuno, Kaho. 2021. Cantonese: “Passive expression”, “Transitivity” [広東語：「ヴォイスとその周辺」「他動性」]. Journal of the Institute of Language Research 26: 201-215.	peer-reviewed/institutional journal questionnaire report; official Tokyo University of Foreign Studies full text	https://www.tufs.ac.jp/common/fs/ilr/contents/ronshuu/26/jilr26_sp_Cantonese17%2019_Tsuno.pdf	pp. 201-215; especially printed p. 207, item 37: 落雨喇, with segmentation and Jyutping	VERIFIED_OFFICIAL_FULL_TEXT_AND_METADATA	Exact overt Cantonese weather-event utterance 落雨喇 in a cross-linguistic voice/transitivity questionnaire, plus author-provided segmentation and romanization.	The paper is a translation/questionnaire report rather than a focused study of weather predicates or subjectlessness. One exact item attests the surface form but does not establish a general environmental-clause class, frequency, argument structure, or expletive analysis.	TSUNO_2021_CANTONESE_TRANSITIVITY
SRC-FRANCIS-MATTHEWS-2006-COVERBS	Francis, Elaine J. and Stephen Matthews. 2006. Categoriality and Object Extraction in Cantonese Serial Verb Constructions. Natural Language & Linguistic Theory 24(3): 751-801.	peer-reviewed journal article; official institutional abstract and metadata	https://doi.org/10.1007/s11049-006-0005-3	HKU Scholars Hub official abstract and metadata; journal pp. 751-801; abstract findings on coverb category, object extraction, and aspect marking	VERIFIED_OFFICIAL_ABSTRACT_AND_METADATA	Cantonese coverb constructions as serial-verb-like structures whose first verb has preposition-like meaning/function; experimentally reported extraction contrast; verbal morphosyntax/aspect marking; and explicit category-analysis dispute.	Abstract-level claim verification only; full example inventory and diagnostics were not recovered in this batch. The authors’ verbal/adjunct-island analysis is a proposal, not a parser ontology, marker inventory, or proof of every runtime subtype.	FRANCIS_MATTHEWS_2006_COVERBS
SRC-ZHANG-1970-PREDICATIVE-SUFFIXES	Zhang, Hongnian 張洪年. 1970. 粵語中常見的謂詞詞尾. 中國文化研究所學報 3(2):459-488.	academic journal article; official Chinese University of Hong Kong archive full text	https://www.cuhk.edu.hk/ics/journal/articles/v05p459.pdf	pp. 459-468, especially pp. 462-468; sections on aspect, perfective 咗, questions with 有冇/未, and experiential 過; examples 佢嚟咗喇, 佢去咗喇, 你飲過茶未, and 有冇食過唐餐	VERIFIED_OFFICIAL_ARCHIVE_FULL_TEXT	Early systematic description of Cantonese predicate suffixes; completion/perfective 咗 including motion verbs; aspectual question strategies; experiential 過 as prior-experience marking distinct from 咗; and ordering/co-occurrence observations.	A 1970 descriptive account using historical orthography and romanization. It does not establish exact modern runtime nodes, unrestricted lexical productivity, the exact 入咗嚟/落咗去 strings, universal judgments, or a complete contemporary negation-aspect system.	ZHANG_1970_PREDICATIVE_SUFFIXES
SRC-IIDA-2009-CONDITIONAL-GE3	Iida, Maki. 2009. The Conditional Marker “ge3” in Cantonese [粵語的條件分句標記“嘅”]. Media and Communication Studies 57:21-33.	departmental bulletin research article	https://cir.nii.ac.jp/crid/1050587981436942848	CiNii official metadata and Chinese abstract; journal pp. 21-33; published 2009-11-09	VERIFIED_OFFICIAL_METADATA_AND_ABSTRACT	Grammaticalization of structural/nominalizing 嘅 into a conditional-clause marker; reanalysis of VP/AP嘅 topic/generic structures; explicit contrast between bare conditional 嘅 and 嘅話, with bare 嘅 retaining stronger generic or law-like constraints.	Abstract-level verification only. Do not attribute uninspected examples or detailed syntactic diagnostics, and do not treat the proposed grammaticalization path or genericity analysis as the only possible account.	IIDA_2009_CONDITIONAL_GE3
SRC-CHENG-2023-TP-SFP-CONDITIONAL	Cheng, Siu-Pong. 2023. Cantonese Sentence-final Particles Pertaining to the TP Domain. Current Research in Chinese Linguistics 102(1):81-100.	peer-reviewed journal article	https://cuhk.edu.hk/ics/clrc/crcl_102_1/cheng.pdf	pp. 90-92, examples 12-16 and footnote 10; pp. 96-97, example 28 and ordering discussion	VERIFIED_FULL_TEXT_AND_OFFICIAL_JOURNAL_PDF	Exact (如果)我去嘅話我哋會見 conditional; clause-initial 如果 may co-occur with clause-final 嘅話; postposed conditional clauses; author/informant tone observations for 話6 versus 話2; ordering of assertive 嘅 before conditional 嘅話.	The split-TP and possible-world account is theory-specific. The indicative/counterfactual tone tendency is explicitly limited to the author and some informants, and the paper says the initial-versus-final conditional distinction remains unresolved.	CHENG_2023_TP_SFP_CONDITIONAL
SRC-YIP-MATTHEWS-2000-SYNTACTIC-TRANSFER	Yip, Virginia, and Stephen Matthews. 2000. Syntactic transfer in a Cantonese–English bilingual child. Bilingualism: Language and Cognition 3(3):193-208. DOI: 10.1017/S136672890000033X.	peer-reviewed journal research article; full author/repository PDF and official publisher metadata	https://talkbank.org/childes/access/Biling/0docs/Yip2000.pdf	article pp. 195-196, example (5), null-object discussion; p. 201, examples (35), (38)-(39), and discussion; official Cambridge metadata	VERIFIED_FULL_TEXT_AND_OFFICIAL_PUBLISHER_METADATA	Adult Cantonese allows discourse-recoverable null objects; exact 我鍾意 utterance with an omitted object; exact existential 仲有 with an understood domain; exact 放(喺)呢度 and 要買 with omitted objects; relation between discourse topics and later null arguments.	The paper is principally a bilingual-child transfer study and adopts a null-topic analysis. Adult Cantonese examples and descriptive recoverability conditions may be used, but child frequencies, transfer analysis, silent-topic ontology, and unrestricted omission must not be imported into Canto Span.	YIP_MATTHEWS_2000_SYNTACTIC_TRANSFER
SRC-ZHOU-2018-POSTVERBAL-SIN1	Zhou, Yang. 2018. Exploring the emergence of the postverbal sin1 先 in Cantonese. Language and Linguistics 19(2):333-375. DOI: 10.1075/lali.00012.zho.	peer-reviewed journal research article; official publisher abstract and accessible full-text copy	https://www.jbe-platform.com/content/journals/10.1075/lali.00012.zho	official abstract; article pp. 333-375; especially abstract and introduction on contemporary postverbal sin1, multiple meanings, and the precedent-subsequent contrast	VERIFIED_OFFICIAL_PUBLISHER_ABSTRACT_AND_FULL_TEXT	Contemporary Cantonese sin1 has multiple grammatical and pragmatic meanings; its prominent priority meaning occurs postverbally; historical emergence and differentiation of precedent/subsequent meanings.	The paper is primarily diachronic and areal. It does not establish Canto Span node boundaries, a free action-VP cross-product, or that every V+先+particle sequence expresses simple priority.	ZHOU_2018_POSTVERBAL_SIN1
SRC-LAI-PANG-2023	Lai, Ryan Ka Yau, and Michelle Man-Long Pang. 2023. Rethinking the Description and Typology of Cantonese Causative–Resultative Constructions: A Dynamic Constructionist Lens. Languages 8(2):151. DOI: 10.3390/languages8020151.	peer-reviewed open-access journal research article	https://www.mdpi.com/2226-471X/8/2/151	official full text and abstract; especially abstract and sections defining CRCs, constructional schema, syntactic/semantic subtypes, and holistic versus decompositional argument structure	VERIFIED_OFFICIAL_FULL_TEXT	Cantonese causative–resultative constructions contain two verbal elements oriented to cause and effect; the paper proposes a construction-level schema with several subtypes and argues that CRC arguments belong to the whole construction rather than being mechanically composed from each verb’s valency.	The authors’ dynamic-constructionist analysis is one theoretical account. It supports a genuine CRC family and warns against naive decomposition, but does not validate the exact runtime 整冧咗 template, its object inventory, productivity, or Canto Span frame/predicate node split.	LAI_PANG_2023_CANTONESE_CRC
SRC-KEDZIOR-2023	Kędzior, Adrian. 2023. Verbal Morphological Category of Aspect in the Cantonese Language. Linguistica Silesiana 44(1):47-71. DOI: 10.24425/linsi.2023.144823.	peer-reviewed journal research article with corpus examples	https://doi.org/10.24425/linsi.2023.144823	pp. 47-53 and 61-63; especially example (34) 我諗住返屋企 and discussion of lexically shifted 諗住; corpus methodology and aspect inventory	VERIFIED_OFFICIAL_FULL_TEXT	Separates morphological aspect from lexical/periphrastic material; discusses resultative compounds and perfective 咗; identifies a small lexically restricted class where V住 changes meaning, directly illustrating 諗住 as intend/plan.	The paper is introductory and mostly uses a written web corpus. Its treatment of 諗住 cites Matthews and Yip and does not establish a productive intention-predicate class, every complement type, or Canto Span frame boundaries.	KEDZIOR_2023_CANTONESE_ASPECT
SRC-LAM-2014-SURPASS-COMPARATIVE	Lam, Charles. 2014. A Unified Analysis to Surpass Comparative and Experiential Aspect. Proceedings of PACLIC 28, 368-377.	peer-reviewed conference paper in official ACL Anthology full text	https://aclanthology.org/Y14-1043/	pp. 368-376; especially examples (2), (30)-(32), and section 7 on bare comparatives	VERIFIED_OFFICIAL_FULL_TEXT	Cantonese surpass comparative with 過; property- and event-denoting predicates; bare comparative/property difference with post-predicate (一)啲; analysis of 啲 as a measure phrase rather than the surpass-comparative marker.	The paper advances a formal cross-categorial analysis and does not provide a general grammar of every Adj+啲 use. Its bare-comparative examples do not license every property predicate, action modifier, discourse function, or Canto Span node.	LAM_2014_SURPASS_COMPARATIVE
SRC-YIP-MATTHEWS-2017-INTERMEDIATE	Yip, Virginia, and Stephen Matthews. 2017. Intermediate Cantonese: A Grammar and Workbook. 2nd ed. Routledge.	pedagogical reference grammar by specialist linguists; exact text verified in an accessible full-text transcription and metadata verified on the official publisher page	https://www.routledge.com/Intermediate-Cantonese-A-Grammar-and-Workbook/Yip-Matthews/p/book/9780415815611	Unit 11, section “Verbs of communication”, printed pp. 68-69; exact 我唔話你知 and explanation that communication acts may combine 講/話 with 聽/知 to encode the effect on the hearer; official Routledge metadata	VERIFIED_EXACT_TEXT_TRANSCRIPTION_AND_OFFICIAL_PUBLISHER_METADATA	Exact attestation and pedagogical analysis of communication sequences with two verbs, including 話 + recipient + 知, as well as broader serial-verb combination guidance.	A pedagogical grammar and mirror-transcribed exact text do not establish corpus frequency, unrestricted speech-verb × recipient × cognition-verb productivity, a canonical ditransitive analysis, or a dedicated Canto Span clause wrapper.	YIP_MATTHEWS_2017_INTERMEDIATE_CANTONESE
